[{"metadata":{"updatedOn":1759739306994,"updatedBy":"technical","createdBy":"technical","createdOn":1759739306994,"context":{"id":"c86df614-dacd-4a2f-9b39-5b09f46e7370","contextType":"site","tenantId":"7e8a4ad1b97450e5a0b7fd04f9edb10a","identityZoneId":"4983dd36-e07d-45cd-90ff-638589227465","instanceId":"d1bbfd5e-53f8-4634-8cbf-18665ba30196"}},"cdm":{"texts":{"cdm|identification|title":{"type":"XTIT","value":{"":"Everyone"}},"cdm|identification|description":{"type":"XTIT","value":{"":"Content assigned to this role is visible to all users"}}},"payload":{"apps":[],"groups":[],"catalogs":[]},"_version":"3.0.0","identification":{"id":"sap_everyone","title":"{{cdm|identification|title}}","entityType":"role","description":"{{cdm|identification|description}}"}}}]