[{"metadata":{"updatedOn":1759739306994,"updatedBy":"technical","createdBy":"technical","createdOn":1759739306994,"context":{"id":"c86df614-dacd-4a2f-9b39-5b09f46e7370","contextType":"site","tenantId":"7e8a4ad1b97450e5a0b7fd04f9edb10a","identityZoneId":"4983dd36-e07d-45cd-90ff-638589227465","instanceId":"d1bbfd5e-53f8-4634-8cbf-18665ba30196"}},"cdm":{"payload":{},"_version":"3.0.0","relations":{"roles":[{"label":"ref","target":{"id":"sap_subaccount_everyone","context":{"id":"SUB_ACCOUNT","type":"SUB_ACCOUNT"},"entityType":"role"}}]},"identification":{"id":"sitereferences.default","entityType":"sitereferences"}}}]