[{"metadata":{"updatedOn":1759739307116,"updatedBy":"technical","createdBy":"technical","createdOn":1759739307116,"context":{"id":"SUB_ACCOUNT","contextType":"sub_account","tenantId":"7e8a4ad1b97450e5a0b7fd04f9edb10a","identityZoneId":"4983dd36-e07d-45cd-90ff-638589227465","instanceId":"d1bbfd5e-53f8-4634-8cbf-18665ba30196"}},"cdm":{"texts":{"cdm|identification|title":{"type":"XTIT","value":{"":"uk-xp264--b84edf3"}},"cdm|identification|description":{"type":"XTIT","value":{"":"uk-xp264--b84edf3\nSAP-TechEd25-XP264"}}},"payload":{"viz":[]},"_version":"3.0","relations":{"viz":[{"label":"ref","target":{"id":"dc030e76-865a-456e-82fa-5e15dd87cb63","context":{"id":"SUB_ACCOUNT","type":"SUB_ACCOUNT"},"entityType":"businessapp","properties":{"vizId":"Default-VizId"}}},{"label":"ref","target":{"id":"ee221e2f-98e9-4c59-a88d-e7d3d7b63834","context":{"id":"SUB_ACCOUNT","type":"SUB_ACCOUNT"},"entityType":"businessapp","properties":{"vizId":"Default-VizId"}}},{"label":"ref","target":{"id":"959875dd-de35-4826-aa5e-7d745d130e28","context":{"id":"SUB_ACCOUNT","type":"SUB_ACCOUNT"},"entityType":"businessapp","properties":{"vizId":"Default-VizId"}}},{"label":"ref","target":{"id":"2fd10804-ef46-475e-9ec3-8f900deb1674","context":{"id":"SUB_ACCOUNT","type":"SUB_ACCOUNT"},"entityType":"businessapp","properties":{"vizId":"Default-VizId"}}},{"label":"ref","target":{"id":"8935027f-4d2c-4fce-a305-180b225c0501","context":{"id":"SUB_ACCOUNT","type":"SUB_ACCOUNT"},"entityType":"businessapp","properties":{"vizId":"Default-VizId"}}}]},"identification":{"id":"ca710237-3cc5-4b86-9e2a-f4c7833dd223","title":"{{cdm|identification|title}}","entityType":"catalog","description":"{{cdm|identification|description}}"}}},{"metadata":{"updatedOn":1759739307116,"updatedBy":"technical","createdBy":"technical","createdOn":1759739307116,"context":{"id":"SUB_ACCOUNT","contextType":"sub_account","tenantId":"7e8a4ad1b97450e5a0b7fd04f9edb10a","identityZoneId":"4983dd36-e07d-45cd-90ff-638589227465","instanceId":"d1bbfd5e-53f8-4634-8cbf-18665ba30196"}},"cdm":{"texts":{"cdm|identification|title":{"type":"XTIT","value":{"":"japan-east--c-99567a9"}},"cdm|identification|description":{"type":"XTIT","value":{"":"japan-east--c-99567a9"}}},"payload":{"viz":[]},"_version":"3.0","relations":{"viz":[{"label":"ref","target":{"id":"3dd43274-6309-4e1b-a296-acbb10971d16","context":{"id":"SUB_ACCOUNT","type":"SUB_ACCOUNT"},"entityType":"businessapp","properties":{"vizId":"Default-VizId"}}}]},"identification":{"id":"61801ffc-46ed-49bc-99c0-a0528ea543ef","title":"{{cdm|identification|title}}","entityType":"catalog","description":"{{cdm|identification|description}}"}}},{"metadata":{"updatedOn":1759739307116,"updatedBy":"technical","createdBy":"technical","createdOn":1759739307116,"context":{"id":"SUB_ACCOUNT","contextType":"sub_account","tenantId":"7e8a4ad1b97450e5a0b7fd04f9edb10a","identityZoneId":"4983dd36-e07d-45cd-90ff-638589227465","instanceId":"d1bbfd5e-53f8-4634-8cbf-18665ba30196"}},"cdm":{"texts":{"cdm|identification|title":{"type":"XTIT","value":{"":"us-east--ca15e0c"}},"cdm|identification|description":{"type":"XTIT","value":{"":"us-east--ca15e0c"}}},"payload":{"viz":[]},"_version":"3.0","relations":{"viz":[{"label":"ref","target":{"id":"69f9e85f-b57d-4353-bc4c-a914ee762305","context":{"id":"SUB_ACCOUNT","type":"SUB_ACCOUNT"},"entityType":"businessapp","properties":{"vizId":"Default-VizId"}}}]},"identification":{"id":"183e2c6a-eda1-4bf8-ada1-56f886b1d456","title":"{{cdm|identification|title}}","entityType":"catalog","description":"{{cdm|identification|description}}"}}},{"metadata":{"updatedOn":1760648301709,"updatedBy":"Piotr Tesny","createdBy":"Piotr Tesny","createdOn":1760648301709,"context":{"id":"SUB_ACCOUNT","contextType":"sub_account","tenantId":"7e8a4ad1b97450e5a0b7fd04f9edb10a","identityZoneId":"4983dd36-e07d-45cd-90ff-638589227465","instanceId":"d1bbfd5e-53f8-4634-8cbf-18665ba30196"}},"cdm":{"texts":{"cdm|identification|title":{"type":"XTIT","value":{"":"xp264-000"}},"cdm|identification|description":{"type":"XTIT","value":{"":"xp264-000"}}},"payload":{"viz":[]},"_version":"3.0","relations":{"viz":[{"label":"ref","target":{"id":"9834541d-b937-47a9-9089-4807ae9d0955","context":{"id":"SUB_ACCOUNT","type":"SUB_ACCOUNT"},"entityType":"businessapp","properties":{"vizId":"Default-VizId"}}},{"label":"ref","target":{"id":"ae3c8530-9081-4fa8-927e-ef47a6bb862b","context":{"id":"SUB_ACCOUNT","type":"SUB_ACCOUNT"},"entityType":"businessapp","properties":{"vizId":"Default-VizId"}}},{"label":"ref","target":{"id":"a193e5b8-4a60-4040-b511-3bd993fac016","context":{"id":"SUB_ACCOUNT","type":"SUB_ACCOUNT"},"entityType":"businessapp","properties":{"vizId":"Default-VizId"}}},{"label":"ref","target":{"id":"c7ceaab6-ce4d-4645-9746-7991fd6a11dd","context":{"id":"SUB_ACCOUNT","type":"SUB_ACCOUNT"},"entityType":"businessapp","properties":{"vizId":"Default-VizId"}}},{"label":"ref","target":{"id":"305b1ce8-e441-41ee-88bd-265022e51763","context":{"id":"SUB_ACCOUNT","type":"SUB_ACCOUNT"},"entityType":"businessapp","properties":{"vizId":"Default-VizId"}}}]},"identification":{"id":"99ea81a7-f576-4da1-847a-9fc984f484c7","title":"{{cdm|identification|title}}","entityType":"catalog","description":"{{cdm|identification|description}}"}}}]