[{"metadata":{"updatedOn":1760966160924,"updatedBy":"Piotr Tesny","createdBy":"technical","createdOn":1759739306994,"context":{"id":"c86df614-dacd-4a2f-9b39-5b09f46e7370","contextType":"site","tenantId":"7e8a4ad1b97450e5a0b7fd04f9edb10a","identityZoneId":"4983dd36-e07d-45cd-90ff-638589227465","instanceId":"d1bbfd5e-53f8-4634-8cbf-18665ba30196"}},"cdm":{"payload":{"config":{"ushellConfig":{"services":{"AllMyApps":{"config":{"enabled":true}}},"renderers":{"fiori2":{"componentData":{"config":{"rootIntent":"Shell-home","applications":{"Shell-home":{"enableEasyAccess":false,"enableHomePageSettings":true}},"enableSearch":true,"sizeBehavior":"Responsive","enableSetTheme":true,"enableHideGroups":true,"enableUserThemes":true,"enableSetLanguage":true,"keyUserAdaptation":true,"enableTilesOpacity":false,"enableRecentActivity":false,"enablePersonalization":true,"searchBusinessObjects":false,"enableAutomaticSignout":true,"enableActionModeMenuButton":true,"enableUserDefaultParameters":true,"enableFeaturePolicyInIframes":true,"enableActionModeFloatingButton":true,"sessionTimeoutIntervalInMinutes":30,"moveAppFinderActionToShellHeader":false,"moveEditHomePageActionToShellHeader":false,"moveUserSettingsActionToShellHeader":false}}}},"modulePaths":{},"bootstrapPlugins":{"MobileStartQrCode":{"url":"/cp.portal/sap/cf/plugins/MobileStartQrCode","component":"MobileStartQrCode"}}}},"siteConfig":{"productName":"Build Work Zone","technicalSettings":{"previewNextSAPUI5Version":false}},"groupsOrder":[],"sap.cloud.portal":{"config":{"icon":"portalsitetemplates/flp/preview.png","menu":{"width":"full","height":"s","version":"2.0","alignment":"left","availableMobile":true,"availableDesktop":true},"isAsync":true,"theme.id":"sap_horizon","siteViewMode":"groups","theme.active":["sap_fiori_3","sap_fiori_3_dark","sap_horizon","sap_horizon_dark","sap_horizon_hcb","sap_horizon_hcw","custom_teched2025_xp264_hcw_2","sap_horizon_set","sap_fiori_3_set"]},"locales":{"available":["en",""]},"_version":"1.3.0","availablePageTemplates":[]}},"_version":"3.0.1","identification":{"id":"c86df614-dacd-4a2f-9b39-5b09f46e7370","title":"teched2025-xp264","entityType":"site","description":"SAp Teched2025-xp264"}}}]