[{"metadata":{"updatedOn":1761080672846,"updatedBy":"Piotr Tesny","createdBy":"technical","createdOn":1759739307116,"context":{"id":"SUB_ACCOUNT","contextType":"sub_account","tenantId":"7e8a4ad1b97450e5a0b7fd04f9edb10a","identityZoneId":"4983dd36-e07d-45cd-90ff-638589227465","instanceId":"d1bbfd5e-53f8-4634-8cbf-18665ba30196"}},"cdm":{"texts":{"cdm|identification|title":{"type":"XTIT","value":{"":"uk-south"}},"cdm|identification|description":{"type":"XTIT","value":{"":"uk-south"}}},"payload":{"tiles":[]},"_version":"3.0","relations":{"viz":[{"label":"ref","target":{"id":"6be6879a-d860-48b1-af44-91e3050f0d1b","context":{"id":"SUB_ACCOUNT","type":"SUB_ACCOUNT"},"entityType":"businessapp","properties":{"vizId":"Default-VizId"}}},{"label":"ref","target":{"id":"74b5cda9-b6af-4178-ae1a-1955f8601248","context":{"id":"SUB_ACCOUNT","type":"SUB_ACCOUNT"},"entityType":"businessapp","properties":{"vizId":"Default-VizId"}}},{"label":"ref","target":{"id":"9834541d-b937-47a9-9089-4807ae9d0955","context":{"id":"SUB_ACCOUNT","type":"SUB_ACCOUNT"},"entityType":"businessapp","properties":{"vizId":"Default-VizId"}}},{"label":"ref","target":{"id":"d1f75d6f-381c-4d58-b92f-e1a5ea857467","context":{"id":"SUB_ACCOUNT","type":"SUB_ACCOUNT"},"entityType":"businessapp","properties":{"vizId":"Default-VizId"}}},{"label":"ref","target":{"id":"a193e5b8-4a60-4040-b511-3bd993fac016","context":{"id":"SUB_ACCOUNT","type":"SUB_ACCOUNT"},"entityType":"businessapp","properties":{"vizId":"Default-VizId"}}},{"label":"ref","target":{"id":"ee221e2f-98e9-4c59-a88d-e7d3d7b63834","context":{"id":"SUB_ACCOUNT","type":"SUB_ACCOUNT"},"entityType":"businessapp","properties":{"vizId":"Default-VizId"}}},{"label":"ref","target":{"id":"4c65084a-55b0-48e6-9722-607d59b7478d","context":{"id":"SUB_ACCOUNT","type":"SUB_ACCOUNT"},"entityType":"businessapp","properties":{"vizId":"Default-VizId"}}},{"label":"ref","target":{"id":"4d45dc9d-25e5-4773-a43d-823e7b058d14","context":{"id":"SUB_ACCOUNT","type":"SUB_ACCOUNT"},"entityType":"businessapp","properties":{"vizId":"Default-VizId"}}},{"label":"ref","target":{"id":"de81d668-fb0f-48ea-85a7-593231007f20","context":{"id":"SUB_ACCOUNT","type":"SUB_ACCOUNT"},"entityType":"businessapp","properties":{"vizId":"Default-VizId"}}}]},"identification":{"id":"d019590e-ddfd-4f66-b6ab-0fbaec4adffc","title":"{{cdm|identification|title}}","entityType":"group","description":"{{cdm|identification|description}}"}}},{"metadata":{"updatedOn":1761080692046,"updatedBy":"Piotr Tesny","createdBy":"technical","createdOn":1759739307116,"context":{"id":"SUB_ACCOUNT","contextType":"sub_account","tenantId":"7e8a4ad1b97450e5a0b7fd04f9edb10a","identityZoneId":"4983dd36-e07d-45cd-90ff-638589227465","instanceId":"d1bbfd5e-53f8-4634-8cbf-18665ba30196"}},"cdm":{"texts":{"cdm|identification|title":{"type":"XTIT","value":{"":"us-east"}},"cdm|identification|description":{"type":"XTIT","value":{"":"us-east--ca15e0c"}}},"payload":{"tiles":[]},"_version":"3.0","relations":{"viz":[{"label":"ref","target":{"id":"69f9e85f-b57d-4353-bc4c-a914ee762305","context":{"id":"SUB_ACCOUNT","type":"SUB_ACCOUNT"},"entityType":"businessapp","properties":{"vizId":"Default-VizId"}}},{"label":"ref","target":{"id":"a193e5b8-4a60-4040-b511-3bd993fac016","context":{"id":"SUB_ACCOUNT","type":"SUB_ACCOUNT"},"entityType":"businessapp","properties":{"vizId":"Default-VizId"}}},{"label":"ref","target":{"id":"d1f75d6f-381c-4d58-b92f-e1a5ea857467","context":{"id":"SUB_ACCOUNT","type":"SUB_ACCOUNT"},"entityType":"businessapp","properties":{"vizId":"Default-VizId"}}},{"label":"ref","target":{"id":"931c6dda-c527-46ee-8b81-965f276c5943","context":{"id":"SUB_ACCOUNT","type":"SUB_ACCOUNT"},"entityType":"businessapp","properties":{"vizId":"Default-VizId"}}},{"label":"ref","target":{"id":"9834541d-b937-47a9-9089-4807ae9d0955","context":{"id":"SUB_ACCOUNT","type":"SUB_ACCOUNT"},"entityType":"businessapp","properties":{"vizId":"Default-VizId"}}},{"label":"ref","target":{"id":"ee221e2f-98e9-4c59-a88d-e7d3d7b63834","context":{"id":"SUB_ACCOUNT","type":"SUB_ACCOUNT"},"entityType":"businessapp","properties":{"vizId":"Default-VizId"}}},{"label":"ref","target":{"id":"f788caa8-fbc3-404c-9691-e1de1b1e9664","context":{"id":"SUB_ACCOUNT","type":"SUB_ACCOUNT"},"entityType":"businessapp","properties":{"vizId":"Default-VizId"}}},{"label":"ref","target":{"id":"de81d668-fb0f-48ea-85a7-593231007f20","context":{"id":"SUB_ACCOUNT","type":"SUB_ACCOUNT"},"entityType":"businessapp","properties":{"vizId":"Default-VizId"}}}]},"identification":{"id":"6157ba28-6eff-496b-92e0-53721636861e","title":"{{cdm|identification|title}}","entityType":"group","description":"{{cdm|identification|description}}"}}},{"metadata":{"updatedOn":1761080702742,"updatedBy":"Piotr Tesny","createdBy":"Piotr Tesny","createdOn":1760110365927,"context":{"id":"SUB_ACCOUNT","contextType":"sub_account","tenantId":"7e8a4ad1b97450e5a0b7fd04f9edb10a","identityZoneId":"4983dd36-e07d-45cd-90ff-638589227465","instanceId":"d1bbfd5e-53f8-4634-8cbf-18665ba30196"}},"cdm":{"texts":{"cdm|identification|title":{"type":"XTIT","value":{"":"xp264-000"}},"cdm|identification|description":{"type":"XTIT","value":{"":"xp264-000 INSTRUCTOR"}}},"payload":{"tiles":[]},"_version":"3.0","relations":{"viz":[{"label":"ref","target":{"id":"ae3c8530-9081-4fa8-927e-ef47a6bb862b","context":{"id":"SUB_ACCOUNT","type":"SUB_ACCOUNT"},"entityType":"businessapp","properties":{"vizId":"Default-VizId"}}},{"label":"ref","target":{"id":"305b1ce8-e441-41ee-88bd-265022e51763","context":{"id":"SUB_ACCOUNT","type":"SUB_ACCOUNT"},"entityType":"businessapp","properties":{"vizId":"Default-VizId"}}},{"label":"ref","target":{"id":"a193e5b8-4a60-4040-b511-3bd993fac016","context":{"id":"SUB_ACCOUNT","type":"SUB_ACCOUNT"},"entityType":"businessapp","properties":{"vizId":"Default-VizId"}}},{"label":"ref","target":{"id":"d1f75d6f-381c-4d58-b92f-e1a5ea857467","context":{"id":"SUB_ACCOUNT","type":"SUB_ACCOUNT"},"entityType":"businessapp","properties":{"vizId":"Default-VizId"}}},{"label":"ref","target":{"id":"ee221e2f-98e9-4c59-a88d-e7d3d7b63834","context":{"id":"SUB_ACCOUNT","type":"SUB_ACCOUNT"},"entityType":"businessapp","properties":{"vizId":"Default-VizId"}}},{"label":"ref","target":{"id":"c7ceaab6-ce4d-4645-9746-7991fd6a11dd","context":{"id":"SUB_ACCOUNT","type":"SUB_ACCOUNT"},"entityType":"businessapp","properties":{"vizId":"Default-VizId"}}},{"label":"ref","target":{"id":"9834541d-b937-47a9-9089-4807ae9d0955","context":{"id":"SUB_ACCOUNT","type":"SUB_ACCOUNT"},"entityType":"businessapp","properties":{"vizId":"Default-VizId"}}},{"label":"ref","target":{"id":"de81d668-fb0f-48ea-85a7-593231007f20","context":{"id":"SUB_ACCOUNT","type":"SUB_ACCOUNT"},"entityType":"businessapp","properties":{"vizId":"Default-VizId"}}}]},"identification":{"id":"9a7a95d1-dc10-4c7b-9000-c90bba1af5d3","title":"{{cdm|identification|title}}","entityType":"group","description":"{{cdm|identification|description}}"}}},{"metadata":{"updatedOn":1761080728498,"updatedBy":"Piotr Tesny","createdBy":"technical","createdOn":1759739307116,"context":{"id":"SUB_ACCOUNT","contextType":"sub_account","tenantId":"7e8a4ad1b97450e5a0b7fd04f9edb10a","identityZoneId":"4983dd36-e07d-45cd-90ff-638589227465","instanceId":"d1bbfd5e-53f8-4634-8cbf-18665ba30196"}},"cdm":{"texts":{"cdm|identification|title":{"type":"XTIT","value":{"":"uk-xp264"}},"cdm|identification|description":{"type":"XTIT","value":{"":"uk-xp264--b84edf3"}}},"payload":{"tiles":[]},"_version":"3.0","relations":{"viz":[{"label":"ref","target":{"id":"dc030e76-865a-456e-82fa-5e15dd87cb63","context":{"id":"SUB_ACCOUNT","type":"SUB_ACCOUNT"},"entityType":"businessapp","properties":{"vizId":"Default-VizId"}}},{"label":"ref","target":{"id":"ee221e2f-98e9-4c59-a88d-e7d3d7b63834","context":{"id":"SUB_ACCOUNT","type":"SUB_ACCOUNT"},"entityType":"businessapp","properties":{"vizId":"Default-VizId"}}},{"label":"ref","target":{"id":"959875dd-de35-4826-aa5e-7d745d130e28","context":{"id":"SUB_ACCOUNT","type":"SUB_ACCOUNT"},"entityType":"businessapp","properties":{"vizId":"Default-VizId"}}},{"label":"ref","target":{"id":"2fd10804-ef46-475e-9ec3-8f900deb1674","context":{"id":"SUB_ACCOUNT","type":"SUB_ACCOUNT"},"entityType":"businessapp","properties":{"vizId":"Default-VizId"}}},{"label":"ref","target":{"id":"8935027f-4d2c-4fce-a305-180b225c0501","context":{"id":"SUB_ACCOUNT","type":"SUB_ACCOUNT"},"entityType":"businessapp","properties":{"vizId":"Default-VizId"}}},{"label":"ref","target":{"id":"a193e5b8-4a60-4040-b511-3bd993fac016","context":{"id":"SUB_ACCOUNT","type":"SUB_ACCOUNT"},"entityType":"businessapp","properties":{"vizId":"Default-VizId"}}},{"label":"ref","target":{"id":"d1f75d6f-381c-4d58-b92f-e1a5ea857467","context":{"id":"SUB_ACCOUNT","type":"SUB_ACCOUNT"},"entityType":"businessapp","properties":{"vizId":"Default-VizId"}}},{"label":"ref","target":{"id":"d902e742-f51a-4b14-8661-5e705fdff490","context":{"id":"SUB_ACCOUNT","type":"SUB_ACCOUNT"},"entityType":"businessapp","properties":{"vizId":"Default-VizId"}}},{"label":"ref","target":{"id":"9834541d-b937-47a9-9089-4807ae9d0955","context":{"id":"SUB_ACCOUNT","type":"SUB_ACCOUNT"},"entityType":"businessapp","properties":{"vizId":"Default-VizId"}}},{"label":"ref","target":{"id":"de81d668-fb0f-48ea-85a7-593231007f20","context":{"id":"SUB_ACCOUNT","type":"SUB_ACCOUNT"},"entityType":"businessapp","properties":{"vizId":"Default-VizId"}}}]},"identification":{"id":"a0b9f1ad-6889-4214-b605-89f699524f9c","title":"{{cdm|identification|title}}","entityType":"group","description":"{{cdm|identification|description}}"}}},{"metadata":{"updatedOn":1761080713574,"updatedBy":"Piotr Tesny","createdBy":"technical","createdOn":1759739307116,"context":{"id":"SUB_ACCOUNT","contextType":"sub_account","tenantId":"7e8a4ad1b97450e5a0b7fd04f9edb10a","identityZoneId":"4983dd36-e07d-45cd-90ff-638589227465","instanceId":"d1bbfd5e-53f8-4634-8cbf-18665ba30196"}},"cdm":{"texts":{"cdm|identification|title":{"type":"XTIT","value":{"":"japan-east"}},"cdm|identification|description":{"type":"XTIT","value":{"":"japan-east--c-99567a9"}}},"payload":{"tiles":[]},"_version":"3.0","relations":{"viz":[{"label":"ref","target":{"id":"3dd43274-6309-4e1b-a296-acbb10971d16","context":{"id":"SUB_ACCOUNT","type":"SUB_ACCOUNT"},"entityType":"businessapp","properties":{"vizId":"Default-VizId"}}},{"label":"ref","target":{"id":"a193e5b8-4a60-4040-b511-3bd993fac016","context":{"id":"SUB_ACCOUNT","type":"SUB_ACCOUNT"},"entityType":"businessapp","properties":{"vizId":"Default-VizId"}}},{"label":"ref","target":{"id":"d1f75d6f-381c-4d58-b92f-e1a5ea857467","context":{"id":"SUB_ACCOUNT","type":"SUB_ACCOUNT"},"entityType":"businessapp","properties":{"vizId":"Default-VizId"}}},{"label":"ref","target":{"id":"14523356-c3b0-436c-a743-f18155308fa4","context":{"id":"SUB_ACCOUNT","type":"SUB_ACCOUNT"},"entityType":"businessapp","properties":{"vizId":"Default-VizId"}}},{"label":"ref","target":{"id":"9834541d-b937-47a9-9089-4807ae9d0955","context":{"id":"SUB_ACCOUNT","type":"SUB_ACCOUNT"},"entityType":"businessapp","properties":{"vizId":"Default-VizId"}}},{"label":"ref","target":{"id":"ee221e2f-98e9-4c59-a88d-e7d3d7b63834","context":{"id":"SUB_ACCOUNT","type":"SUB_ACCOUNT"},"entityType":"businessapp","properties":{"vizId":"Default-VizId"}}},{"label":"ref","target":{"id":"de81d668-fb0f-48ea-85a7-593231007f20","context":{"id":"SUB_ACCOUNT","type":"SUB_ACCOUNT"},"entityType":"businessapp","properties":{"vizId":"Default-VizId"}}}]},"identification":{"id":"7e28f281-7ed0-4393-b935-b0cf2d5f51be","title":"{{cdm|identification|title}}","entityType":"group","description":"{{cdm|identification|description}}"}}}]